{
  "accuracy": 0.715,
  "rows": 1000,
  "model_name": "RandomForestClassifier",
  "class_report": {
    "Low": {
      "precision": 0.8333333333333334,
      "recall": 0.5,
      "f1-score": 0.625,
      "support": 20.0
    },
    "Medium": {
      "precision": 0.6568627450980392,
      "recall": 0.7528089887640449,
      "f1-score": 0.7015706806282722,
      "support": 89.0
    },
    "High": {
      "precision": 0.7674418604651163,
      "recall": 0.7252747252747253,
      "f1-score": 0.7457627118644068,
      "support": 91.0
    },
    "accuracy": 0.715,
    "macro avg": {
      "precision": 0.752545979632163,
      "recall": 0.6593612380129233,
      "f1-score": 0.6907777974975596,
      "support": 200.0
    },
    "weighted avg": {
      "precision": 0.7248233014135887,
      "recall": 0.715,
      "f1-score": 0.7140209867778862,
      "support": 200.0
    }
  }
}